out,sha256,size,kind,arch,bits,filetype,type,usize,declen,source,offset
macho/443786dae18e7c0a_arm64_DYLIB.macho,443786dae18e7c0a859b72306b2f028e190591de60cd867e2dc06b98e0867ffe,89328,thin,arm64,64,DYLIB,,,,embedded,3424
macho/322f8877729e126a_arm64+arm64e_FAT.macho,322f8877729e126ab04376432351dff0e637aa35e4c39c360c0290433d4e6b2f,183600,fat,arm64+arm64e,32,FAT,,,,embedded,464
macho/dbed4a5b75bfa373_arm64_DYLIB.macho,dbed4a5b75bfa373ba245e196924343c6a3100932b8a173bd1d60ad10f2ff5e9,85576,thin,arm64,64,DYLIB,,,,embedded,16848
macho/0a8a6258a8558d83_arm64e_DYLIB.macho,0a8a6258a8558d838090323b2cb50ea3e26c8f9fac1d9f320859162b6fd5c404,68912,thin,arm64e,64,DYLIB,,,,embedded,115152
native/1f25a4f580e22397_arm64_TEXT_container.bin,1f25a4f580e22397c4ebb6a14d2e48faf9c249b29915cf7c0a72ee65d7f359dd,208432,,arm64,,,TEXT_container,,,,
nextstage_js/4b987a4f646b3b06_x_nextstage.js,4b987a4f646b3b06a76cabcaf09e276f6c604910e0486b05a7129fd563b0f4e2,374123,,,,,nextstage,,,,
nextstage_js/1829bafa244522ae_x_nextstage.js,1829bafa244522aeea9c80e376b749eaa17c8bb47530374ad258f1bf86cd4b3d,323631,,,,,nextstage,,,,
payloads_encrypted/95797c4e86e88b74_x_qbrdr_enc.enc,95797c4e86e88b74ffb4457caf4f3208a678df0191c0ad10e33863790450a537,137024,,,,,qbrdr_enc,,,5258f6e3eef3eda249179aa1122b50b03cbeea18.js,
payloads_encrypted/b15eaa9245efae6d_x_qbrdr_enc.enc,b15eaa9245efae6d1c31e33096b9e814991c4319adb814ee6932c57044c6d2a9,232584,,,,,qbrdr_enc,,,81b403cc1fe0c47839c4ad07e2d7a18618c07dd4.js,
payloads_encrypted/9ebfe2493e155623_x_qbrdr_enc.enc,9ebfe2493e155623797fe8ee48c5b642649e10189a7c65c230fb37ef91c593c1,174992,,,,,qbrdr_enc,,,7a1cef00016b950be42f5288ead21fa6fccc3107.js,
payloads_encrypted/c4e0a45c0f5a68f4_x_qbrdr_enc.enc,c4e0a45c0f5a68f42e936c60f43503025919be92331328de372d12aece738f66,228340,,,,,qbrdr_enc,,,1ad1ff474e417d0a07ff1ed70a5f4c9daf3644f6.js,
payloads_encrypted/967c577574923c0a_x_qbrdr_enc.enc,967c577574923c0a3a2812e5acfae400e5d78cef4899c0f883022f28da1e39de,168596,,,,,qbrdr_enc,,,f4120dc6717a489435d86943472c5a2444aac8e6.js,
payloads_encrypted/a663ef8752c2eb9e_x_qbrdr_enc.enc,a663ef8752c2eb9e65bdba12be974ac0112c4e0da783582d593226ffc7469731,158672,,,,,qbrdr_enc,,,e9f898587620186e31119fbf32660f26c1e048e0.js,
payloads_encrypted/f1516320e053d109_x_qbrdr_enc.enc,f1516320e053d109588876a530b2d5bfdd05aa2751933321ca909c1b9e39e5d8,228340,,,,,qbrdr_enc,,,667fa543143862135ab6b41740421a4752799863.js,
payloads_encrypted/571cc54da99889e4_x_qbrdr_enc.enc,571cc54da99889e401a8c2ec139cdec70ae432cea470c6b18e48291b23d59969,26360,,,,,qbrdr_enc,,,5e89f83ec50c6223d664d3f3260ef874a3d6d796.js,
payloads_encrypted/bf653c4bc2ee0a95_x_qbrdr_enc.enc,bf653c4bc2ee0a95d4d47ec35ece882a6a35e4c35b3c26c335bde4b47209dca9,141864,,,,,qbrdr_enc,,,b442ab113b829ff8c7bf34afa4d2d997889f308f.js,
payloads_encrypted/cb0b19264414e1bf_x_qbrdr_enc.enc,cb0b19264414e1bf77446a9172a604fd96384b9e00b8b5dc188414ca283177c9,232584,,,,,qbrdr_enc,,,3215fc5c0f7e2ccced71057fabe5a55944d87412.js,
payloads_encrypted/269665b1fa282020_x_qbrdr_enc.enc,269665b1fa2820205e02420aa7a085d51ea430d88156ebd72c4b0295eb149432,197776,,,,,qbrdr_enc,,,1334417664270db20af705f422878c53c8378203.js,
payloads_encrypted/3ee07d1b434ab2d7_x_qbrdr_enc.enc,3ee07d1b434ab2d710b6950de27f101fa988eebc08046e2323893b4dc4ea4909,173140,,,,,qbrdr_enc,,,1b2cbbde08f8b2330b7400abcb97c9573973e942.js,
payloads_encrypted/8f37fc4700c89510_x_qbrdr_enc.enc,8f37fc4700c89510ed76ec429fadc9dd271b2aa76d05bcf23bff041eb618584b,228312,,,,,qbrdr_enc,,,4612aa650e60e2974a9ec37bbf922c79635b493a.js,
payloads_encrypted/91626dd665310733_x_qbrdr_enc.enc,91626dd665310733e29143c36fd912f091007ca7a389cc6cddcf6dc952d27fad,26568,,,,,qbrdr_enc,,,2a1d692b7b5ba793527b2c14b48db21a3e5d2c5f.js,
payloads_encrypted/c46f10963abb667a_x_qbrdr_enc.enc,c46f10963abb667af65d53e9b1d867ae8f8e0243de5ca45dd5ead3931dd61056,1320,,,,,qbrdr_enc,,,7a7d99099b035b2c6512b6ebeeea6df1ede70fbb.js,
payloads_encrypted/1c52cc500ab818af_x_qbrdr_enc.enc,1c52cc500ab818af1565862e5780587ac8281619a7a897dcb3007c0b0e1ba3fb,224484,,,,,qbrdr_enc,,,377bed7460f7538f96bbad7bdc2b8294bdc54599.js,
payloads_encrypted/0d42ae58baf10097_x_qbrdr_enc.enc,0d42ae58baf10097676c1d11cf8e6fc185387359cce05f9c1dec2b6788589915,232584,,,,,qbrdr_enc,,,e3b865be8672d1357bdaac817cdab2d1b4458492.js,
payloads_encrypted/6d1905d51649cc42_x_qbrdr_enc.enc,6d1905d51649cc4214dbd973ea6a6d6de6ed85c197a8531168e64683f8ba68b7,161052,,,,,qbrdr_enc,,,226cbd845c5f470075505392be8693ec6d4f5ba3.js,
payloads_encrypted/6bf4caa49c840f05_x_qbrdr_enc.enc,6bf4caa49c840f05f0a49dc6324dc02996e71a52ee9c4072df9d099604f7ecb7,152784,,,,,qbrdr_enc,,,72a5ac816709f9c331f2b3afb76cd3d96517ea14.js,
payloads_encrypted/e1ff1b24517654ec_x_qbrdr_enc.enc,e1ff1b24517654ec99277b15b5014c762c288731b8fc5bd81a866a0a96b102ee,171300,,,,,qbrdr_enc,,,ae7efd66ecde9e964cfe92f64e9b6461fce38f28.js,
payloads_encrypted/00ecf604944545b4_x_qbrdr_enc.enc,00ecf604944545b4e0a1601088d4cea0ee679d4eafd951ae12690de512769099,232584,,,,,qbrdr_enc,,,a159973efdd00dd988fec1d707338545d9487b6a.js,
payloads_encrypted/1bda4348cfce300f_x_qbrdr_enc.enc,1bda4348cfce300fe36fe0e247372cff87c390fc8f9607795ed3977750a7dbe3,228340,,,,,qbrdr_enc,,,fb95e427382180860f0b48a8854576ec1a6ce7b1.js,
payloads_encrypted/9bf78735bcea0455_x_qbrdr_enc.enc,9bf78735bcea045506e049021f1aacc57bcf884b5c8afaedd55e5d7d3e603264,157016,,,,,qbrdr_enc,,,38af3c8ba461079a0edc83585023f76843066dcf.js,
payloads_encrypted/a3252b27c1bce121_x_qbrdr_enc.enc,a3252b27c1bce1211cca15286c08214790da52253851b497e30912a125985412,153356,,,,,qbrdr_enc,,,980c77f1747afa9ac1fa5f8fbfb9e6663e9f82bb.js,
payloads_encrypted/a4cba5201a0f3bf2_x_qbrdr_enc.enc,a4cba5201a0f3bf26e9d0e6ef583e276705020b3bcbd89265a9b4cb1fa1cc060,232584,,,,,qbrdr_enc,,,4817ea8063eb4480e915f1a4479c62ec774f52ce.js,
payloads_encrypted/88b8e089f03c4609_x_qbrdr_enc.enc,88b8e089f03c46098e9bb390a15a9c6a852ec5481799708b7ee204f479790733,133268,,,,,qbrdr_enc,,,4800048658463f971e752ff93c1767e9ae7f3431.js,
payloads_encrypted/d2bf9142d7bb5b2d_x_qbrdr_enc.enc,d2bf9142d7bb5b2d96b0ed94157b2fc914b02cba8d858ea0fd5275af9fb48323,152292,,,,,qbrdr_enc,,,f8a86cf368fdbbe294813926a2a229df041eb758.js,
payloads_encrypted/538699f9277fbcbb_x_qbrdr_enc.enc,538699f9277fbcbbb9f4ae9b8996bdc75ba0d6afc5d80199d5ba07411f9ef194,146876,,,,,qbrdr_enc,,,a78a94196b5d2c95865f6a8423a6b8eb86d07c6c.js,
payloads_encrypted/a0d313c0b3d6684a_x_qbrdr_enc.enc,a0d313c0b3d6684ab873121d7b98d0e5272226b2cf4bae2dd6a8579ca0a38f4b,228340,,,,,qbrdr_enc,,,800d80e0fa1f2baf9a9e41169ecc88e18042bb17.js,
payloads_encrypted/13a9a53e1ec42abc_x_qbrdr_enc.enc,13a9a53e1ec42abc8c55ad9edb930f9881df1c0b2ba04d45d38c96d906b9d878,168596,,,,,qbrdr_enc,,,c8a14d79a27953242d60243ee2f505a85d9232cc.js,
